{"accuracy": [0.871315598487854, 0.9151689410209656, 0.9264318346977234, 0.9307452440261841, 0.9317038059234619, 0.9441648721694946, 0.9364964962005615, 0.9446441531181335, 0.9381739497184753, 0.9381739497184753, 0.9463216066360474], "loss": [0.6376518607139587, 0.22224397957324982, 0.20932430028915405, 0.20775145292282104, 0.1834145337343216, 0.18114009499549866, 0.1663231998682022, 0.16037537157535553, 0.16101886332035065, 0.18810294568538666, 0.153713196516037], "val_accuracy": [0.743048906326294, 0.743048906326294, 0.743048906326294, 0.7823585867881775, 0.8513902425765991, 0.951102614402771, 0.744966447353363, 0.7900287508964539, 0.9309683442115784, 0.9424736499786377, 0.7890700101852417], "val_loss": [25.40106964111328, 36.64822769165039, 20.556682586669922, 1.4602149724960327, 0.5933493971824646, 0.13426290452480316, 8.786304473876953, 1.0785645246505737, 0.21777914464473724, 0.16104264557361603, 0.6875489354133606]}